Model,,,gemma-3-270m-it,gemma-3-270m-it,Qwen3-0_6B,Qwen3-0_6B,gemma-3-1b-it,gemma-3-1b-it,Qwen3-1_7B,Qwen3-1_7B,gemma-3-4b-it,gemma-3-4b-it,Qwen3-4B,Qwen3-4B,gemma-3-12b-it,gemma-3-12b-it,Qwen3-14B,Qwen3-14B,gemma-3-27b-it,gemma-3-27b-it
Experiment,,,healthy_to_toxic,toxic_to_healthy,healthy_to_toxic,toxic_to_healthy,healthy_to_toxic,toxic_to_healthy,healthy_to_toxic,toxic_to_healthy,healthy_to_toxic,toxic_to_healthy,healthy_to_toxic,toxic_to_healthy,healthy_to_toxic,toxic_to_healthy,healthy_to_toxic,toxic_to_healthy,healthy_to_toxic,toxic_to_healthy
Group,Probe,Dataset,,,,,,,,,,,,,,,,,,
a,LRProbe,c,-0.2,0.23,-0.02,-0.02,0.12,-0.62,0.02,0.04,0.04,0.02,-0.01,0.0,0.04,-0.03,0.01,0.01,-0.04,-0.01
a,LRProbe,cn,0.01,0.12,-0.02,-0.02,0.17,-0.23,0.02,0.02,-0.01,0.01,-0.01,0.0,0.0,-0.02,-0.0,0.0,-0.0,-0.0
a,LRProbe,g,0.19,1.38,0.08,0.02,0.69,-0.4,0.02,0.04,0.09,0.07,-0.01,0.01,0.01,-0.0,0.01,0.01,-0.0,-0.07
a,LRProbe,gn,-0.33,0.71,0.03,0.0,0.1,-0.19,-0.0,0.01,0.1,0.06,-0.02,0.01,-0.01,-0.02,-0.0,-0.0,0.0,-0.01
a,LRProbe,hatecheck_balanced,-0.31,-0.08,0.02,0.0,0.19,0.54,-0.0,-0.0,0.12,-0.19,-0.01,-0.01,0.02,0.0,0.01,0.02,-0.05,-0.03
a,LRProbe,hatecheck_complex_balanced,-1.04,0.04,-0.05,0.0,0.17,-1.06,0.02,-0.0,0.13,-0.27,-0.05,0.0,0.01,-0.1,0.0,0.02,-0.01,-0.08
a,LRProbe,hatecheck_simple_balanced,-0.36,0.25,-0.0,0.0,-0.38,-0.42,-0.02,-0.02,0.05,-0.1,-0.01,0.01,0.07,-0.08,0.01,0.03,-0.1,-0.02
a,MMProbe,c,-0.16,0.25,0.09,0.12,0.15,0.54,0.15,-0.04,0.23,0.28,0.04,0.13,0.07,-0.13,-0.0,0.07,-0.14,0.01
a,MMProbe,cn,-0.16,1.57,0.06,0.06,0.21,0.52,0.13,-0.06,0.22,0.3,-0.04,0.04,0.07,-0.07,-0.0,0.06,-0.08,-0.02
a,MMProbe,g,0.07,0.08,0.22,0.22,0.52,0.23,0.24,0.17,0.11,-0.28,0.18,0.37,0.12,0.03,0.01,0.75,-0.29,-0.07
a,MMProbe,gn,-0.31,0.42,0.05,0.18,0.06,-0.23,0.2,0.09,0.15,-0.35,0.05,0.2,0.1,-0.09,0.03,0.44,-0.15,-0.04
a,MMProbe,hatecheck_balanced,-0.26,0.82,-0.22,0.06,0.48,0.75,-0.0,0.0,0.23,0.74,-0.06,0.03,0.06,0.0,0.02,0.04,0.03,-0.07
a,MMProbe,hatecheck_complex_balanced,0.38,2.79,-0.12,0.05,-0.27,-2.06,0.19,0.07,-0.01,3.61,-0.01,-0.02,-0.04,-0.15,-0.04,0.55,-0.3,-0.63
a,MMProbe,hatecheck_simple_balanced,-0.22,1.02,-0.22,0.03,1.62,-0.15,-0.0,-0.09,-0.05,-0.53,-0.01,0.03,0.11,-0.04,0.03,0.07,-0.1,-0.12
b2,LRProbe,c,-0.01,0.06,-0.02,0.0,0.04,-0.0,-0.02,-0.0,0.09,-0.07,-0.01,0.0,0.1,-0.06,-0.01,-0.01,-0.02,0.03
b2,LRProbe,cn,-0.16,-0.1,0.03,0.0,-0.02,-0.04,-0.0,0.01,0.07,-0.09,-0.01,-0.0,0.04,0.04,0.01,0.01,-0.03,0.02
b2,LRProbe,g,0.18,0.16,0.02,0.0,0.04,-0.06,-0.01,-0.0,0.06,-0.35,-0.02,0.0,0.16,0.01,0.02,0.04,-0.09,0.05
b2,LRProbe,gn,-0.02,0.01,0.02,0.0,-0.02,-0.04,-0.02,-0.02,0.0,-0.15,-0.06,-0.02,0.04,-0.11,-0.01,-0.02,-0.02,0.02
b2,LRProbe,hatecheck_balanced,-0.16,-0.07,0.02,0.0,-0.04,-0.15,0.12,0.12,0.23,0.04,0.04,0.01,0.19,0.02,0.04,0.06,0.15,-0.15
b2,LRProbe,hatecheck_complex_balanced,0.05,0.06,0.15,0.06,0.02,-0.06,0.22,0.24,0.18,-0.17,0.18,0.19,0.06,-0.04,0.13,0.18,0.09,-0.18
b2,LRProbe,hatecheck_simple_balanced,0.04,0.05,0.08,0.02,0.15,0.15,0.14,0.2,0.04,-0.59,0.08,0.04,0.15,0.14,0.16,0.29,-0.28,0.18
b2,MMProbe,c,0.13,-0.11,-0.0,0.03,0.0,0.17,0.15,0.13,0.08,0.29,-0.02,-0.01,0.0,-0.1,0.03,0.11,-0.32,-0.0
b2,MMProbe,cn,-0.07,-0.1,-0.09,-0.05,-0.1,0.04,0.03,0.0,0.07,0.28,-0.06,-0.03,-0.02,-0.36,-0.01,0.03,-0.22,0.01
b2,MMProbe,g,0.26,0.17,0.22,0.25,0.06,0.19,0.38,0.41,0.2,-0.32,0.06,0.11,0.1,-0.15,0.07,0.37,-0.11,0.05
b2,MMProbe,gn,-0.04,0.16,0.15,0.14,-0.06,0.02,0.11,0.13,0.09,-0.16,-0.03,-0.01,0.05,-0.65,0.01,0.1,-0.1,-0.06
b2,MMProbe,hatecheck_balanced,0.31,0.36,0.29,0.22,-0.04,-0.0,0.52,0.64,0.02,0.73,0.15,1.19,0.06,-0.06,0.01,0.98,-0.06,0.84
b2,MMProbe,hatecheck_complex_balanced,0.01,0.58,0.11,0.29,-0.17,0.4,0.18,0.43,0.03,3.77,-0.04,0.53,0.04,0.72,0.02,0.72,-0.15,0.6
b2,MMProbe,hatecheck_simple_balanced,0.05,0.06,0.48,0.29,-0.06,-0.27,0.44,0.78,0.05,-0.1,0.14,1.2,0.06,-0.4,0.02,0.92,-0.12,0.07
