,Unnamed: 0.2,Unnamed: 0.1,Unnamed: 0,_id,polarity,perspective_score,owner,repo,num_reference,statement,num_url,stanford_polite,subjectivity,num_emoji,num_mention,nltk_score,toxicity,len_text,is_toxic,label
0,0,0,33,dev/nethesis/5435/403033026,0.0,0.070842125,nethesis,dev,0,TEST  login to cti select a snom d725 as default device make a call to a destination answer from the destination hangup call verify that the phone has no lost call showed on display  ,0,0.4513695521628102,0.0,0,0,-0.5423,n,181,0,healthy
1,1,1,93,officer/davidgohel/141/400953258,0.0,0.0,davidgohel,officer,0,"I asked you to explain ""does not work"". I won't ask a third time, I don't have time for that. ",0,0.2816552749789361,0.0,0,0,0.0,y,93,1,toxic
2,2,2,128,HandBrake/HandBrake/1517/410419756,-0.1181372549019607,0.37562454,HandBrake,HandBrake,0,"And FYI, this has ZERO to do with the PHYSICAL media it is hilarious that was the first defensive knee-jerk reaction to make this go away and close it.  HB doesn't even make low-level I/O calls the failure is in the reading of the actual source file regardless of where the heck it sits.  Copy a corrupt source file, any source file to the hard drive and Handbrake simply is coded so poorly that corrupt source file that fails to read, will not properly fail the job - period.  I just tried it by hex-editing a source file to corrupt it and HB did the exact same thing.  It is fully reproducible and to simply close this issue is absolutely unbelievable. ",0,0.2755264252245403,0.5121848739495798,0,0,0.4168,y,654,1,toxic
3,3,3,129,courseplay/Courseplay/3234/463821912,0.5,0.44754568,Courseplay,courseplay,0,"This has to be the most unconstructive issue post on here, I have ever seen ( 👎 ",0,0.4607239793525968,0.5,0,0,0.0,y,79,1,toxic
4,4,4,80,vsts-dotnet-samples/Microsoft/171/428387729,0.1,0.066032074,Microsoft,vsts-dotnet-samples,0,Yeah we made some changes to the url's here. I will get this fixed ,0,0.4302477314519845,0.2,0,0,0.296,n,66,0,healthy
5,5,5,98,i2cdevlib/jrowberg/252/252907501,0.0674242424242424,0.27992547,jrowberg,i2cdevlib,0,"I gave up, this library is too buggy in many aspects and Jeff Rowberg does not care about solving these MANY bugs that you can find with a simple search at Google. Also Jeff does not even read these threads. IMPORTANT DONT USE JEFF'S LIBRARY FOR ANYTHING IMPORTANT. Sooner or later it will fail and if you are using this library with your quadcopter, robotic arm... STAY AWAY OF IT. You will get hurt and hurt other people. There are serious problems with this library which will, sooner or later, cause you intermitent problems. ",0,0.4008588397351612,0.4453463203463204,0,0,-0.9392,y,529,1,toxic
6,6,6,108,Contentify/Contentify/398/403030035,0.0,0.13484184,Contentify,Contentify,0,And also thank you for being in the EU and not following the laws. Read it up kiddo DSGVO ,0,0.5190580216397658,0.1,0,0,0.3612,y,89,1,toxic
7,7,7,35,asmjit/asmjit/231/455815708,0.0249999999999999,0.17976393,asmjit,asmjit,0,"Do you want to say you were offended by the reported bugs too, that could be fixed with changing 1 function to another to keep your software backward compatible (what a terrible idea to keep your software backward compatible, I know)? It's getting better and better. ",0,0.5480478615597958,0.55,0,0,0.25,n,266,0,healthy
8,8,8,12,Clementine/clementine-player/5606/201728741,0.0,0.022579795,clementine-player,Clementine,0,clementine.ico is used to 1)generate icon for clementine.exe (after this clementine.ico is not required anymore) 2)generate icon for Clementine installer (after this clementine.ico is not required anymore) ,0,0.4033143029633033,0.0,0,0,0.0,n,205,0,healthy
9,9,9,125,GRDB.swift/groue/261/389190437,0.05,0.10349132,groue,GRDB.swift,0,"Wow @friend, Didn't expect such responses as you posted and then giving some hint afterwards. You should work on your attitude pal! Cheers! ",0,0.478103674676861,0.75,0,1,0.8715,y,139,1,toxic
10,10,10,140,Terra/ObliqueNET/139/456904268,-0.25,0.27849397,ObliqueNET,Terra,0,"Ras, why did I get banned for saying phone numbers in chat when I didn't? Idek any ones irl name, how tf am I supposed to know their number when Idk their irl name and last name? Like bruh, what's wrong with you? ",0,0.096706389503773,0.4833333333333333,0,0,-0.6416,y,212,1,toxic
11,11,11,139,GoMint/GoMint/406/434019763,0.2249999999999999,0.7842399,GoMint,GoMint,0,"The fuck are you talking about? You are saying you want more threads, so i'm asking you what you want those threads to be for. If you don't know what you want them to be for, then you are just another 5 year old shouting for something to be added because it sounds good. ",0,0.1256652285488198,0.475,0,0,0.0772,y,270,1,toxic
12,12,12,56,redmine_didyoumean/abahgat/15/4174519,0.0681818181818181,0.061942857,abahgat,redmine_didyoumean,0,Added new locale file to support spanish translations ,0,0.439007418522547,0.2272727272727272,0,0,0.4019,n,53,0,healthy
13,13,13,18,manageiq/ManageIQ/1210/66507476,0.0,0.08159642,ManageIQ,manageiq,0,"Checked commit  with rubocop 0.27.1 1 file checked, 1 offense detected vmdb/spec/models/ems_refresh/refreshers/vc_refresher_spec.rb  [ ] Warn - Line 28, Col 1 - Lint/BlockAlignment -  at 28, 0 is not aligned with  at 14, 2  ",1,0.4086389686703789,0.0,0,0,-0.0516,n,222,0,healthy
14,14,14,153,primitive/haskell/71/353921549,-0.1481481481481481,0.20835029,haskell,primitive,0,"@friend, I understand your general point about API instability, but in this particular case it's absurd. The API change that is holding this package down (implementing the  proposal) is one that was formally proposed on the library list and formally accepted and implemented. It is not going to be reversed before the  release. Moreover, even if it were reversed, there is no downside to supplying  instances as required. It is true that the way the  instances were changed in 7e6e7b4667020b61986c60e0c2d642e700e7966d is incompatible with (hypothetically) reverting that change. Making it compatible would be a matter of adding  where required. This issue is annoying everyone; please fix it. ",0,0.2910243698164081,0.612037037037037,0,1,0.1531,y,692,1,toxic
15,15,15,118,Contentify/Contentify/398/338891837,0.0402777777777777,0.20850751,Contentify,Contentify,0,"So I installed this for a friend, and already at the installation I noticed that much stuff doesn't work. The current release version has errors with the apache_get_modules function, which is disabled due to security reasons, the script wants access to the php main directory, which a php script NEVER should have access to. And after I gave him all this, I just get that  What the hell. ",0,0.5978755027038701,0.2847222222222222,0,0,-0.34,y,387,1,toxic
16,16,16,164,mapbox-gl-js/mapbox/7158/352352721,-0.3416666666666666,0.83339524,mapbox,mapbox-gl-js,0,Is there a existing plugin for clusters  I can use to ignore fucking styles and whole screen of circles? Leaflet Markercluster is useless!  ,0,0.5577599150166677,0.4666666666666667,0,0,-0.68,y,138,1,toxic
17,17,17,13,openvpn-client/dperson/165/445485794,0.2833333333333333,0.068971366,dperson,openvpn-client,0,"You're looking at the container connected to the VPN container, your first message references . If you are following the directions from my container you're telling docker to not create a network for that container and to reuse the one from the VPN. So when you look at the network for  there is nothing there, because it didn't get it's own network stack. ",0,0.4051491964783149,0.4777777777777778,0,0,-0.2057,n,356,0,healthy
18,18,18,36,dev/nethesis/5435/405539951,0.0,0.07455293,nethesis,dev,0,in   nethcti-server3-3.1.0-1.7.gb543abd.ns7.x86_64.rpm nethcti-server3-debuginfo-3.1.0-1.7.gb543abd.ns7.x86_64.rpm  ,0,0.439007418522547,0.0,0,0,0.0,n,114,0,healthy
19,19,19,136,gobuffalo/gobuffalo/439/467448603,0.5,0.07287009,gobuffalo,gobuffalo,0,"I could have, but that wouldn't have been sincere. Those plush templates were an immediate turn off. If the maintainer has 18 years of experience surely they know how to interpret feedback however delivered. ",0,0.5138069874588395,0.6944444444444444,0,0,0.2413,y,207,1,toxic
20,20,20,96,classroom/education/1678/432796979,0.0,0.06553789,education,classroom,0,"I feel I am not the one that has to setup collab with github services to get them to ackowledge problem, from my pov it comes from use of ClassRoom not github.You're all the same company, sort it out, or not and we look for service elsewhere. ",0,0.4278951553743272,0.125,0,0,-0.4019,y,242,1,toxic
21,21,21,92,ARKStatsExtractor/cadon/850/446812317,-0.1124999999999999,0.12162817,cadon,ARKStatsExtractor,0,the servers wild level is 300 and I am very well aware how that all works. Seriously!!!!!!!!!!!!!!!! ,0,0.421316528244918,0.4041666666666667,0,0,0.5516,y,100,1,toxic
22,22,22,79,declarative-lookup-rollup-summaries/afawcett/149/102783322,0.375,0.06716774,afawcett,declarative-lookup-rollup-summaries,0,If the target field is a rich text field the code would replace NBSP() with &amp; nbsp ; or just the space character accordingly. ,0,0.4495101528169845,0.75,0,0,0.5574,n,129,0,healthy
23,23,23,15,openvpn-client/dperson/165/445484795,0.0,0.08296845,dperson,openvpn-client,0,which vpn did you take in your example with transmission for example? ,0,0.420829202823699,0.0,0,0,0.0,n,69,0,healthy
24,24,24,23,flood/jfurrow/240/377113867,0.28125,0.19033928,jfurrow,flood,1,"@friend No, unfortunately I cannot say with any confidence that Flood is 100% tamper proof. I'm not a security expert, so your audit would be greatly appreciated! Let's hope so! 🤞 ",0,0.3753970053708314,0.55,0,1,0.7188,n,179,0,healthy
25,25,25,28,minecraft-bugs/tryashtar/864/339511913,0.5,0.11767543,tryashtar,minecraft-bugs,0,"&lt;img src="" width=20 height=20&gt; Cad'ika Orade • Feb 9, 2013 This issue is neither resolved nor a duplicate of MC-61. These mobs do not have invisibility potions on them. If you believe this to be a duplicate of MC-61, you did not read the description nor did you look at the many screenshots I have provided. ",1,0.3182780985992149,0.5,0,0,-0.1326,n,313,0,healthy
26,26,26,32,Osmand/osmandapp/3663/307503227,0.1,0.056090422,osmandapp,Osmand,0,"@friend FYI I just heard the instruction ""prepare yourself to enter the roundabout in 1 km"". Shouldn't suppose to be fixed with your change? (OsmAnd+ 2.6.5) ",0,0.2941059239702686,0.2,0,1,0.368,n,156,0,healthy
27,27,27,104,DSharpPlus/DSharpPlus/282/321360868,-0.3,0.869962,DSharpPlus,DSharpPlus,0,"You guys harassed me over PascalCase with ""someone"" being verbally abusive and saying I needed to get help because I showed him my programming trophy. Being rude is one things, being delusional is worse. I get it. You guys got intimidated by me but stop making up shit. ",0,0.3810510639057408,0.6666666666666666,0,0,-0.9403,y,269,1,toxic
28,28,28,95,flood/jfurrow/758/457907611,0.05,0.32158196,jfurrow,flood,0,"I use docker, yes I build it from master everyday. Honestly my OS and version, etc don't matter as this is clearly not environment specific or version specific and I use docker.... I don't know what you are talking about with discord....I didn't message anyone. It's clear that development is all but dead and getting petty over issue templates when this is clearly an issue with enough info really puts me off. Instead of fixing things, you want to be pedantic over what are simple bugs. I'm done with this project. ",0,0.3932708938270758,0.396103896103896,0,0,0.0806,y,516,1,toxic
29,29,29,6,mojo/kraih/1236/404135563,0.0,0.029723836,kraih,mojo,0,The answer @friend gave was 100% correct. So this is not a bug. If you require additional help please use our official support channels. ,1,0.3708138009588515,0.0,0,1,0.7717,n,136,0,healthy
30,30,30,22,minecraft-bugs/tryashtar/864/339511923,0.2,0.07001521,tryashtar,minecraft-bugs,0,"&lt;img src="" width=20 height=20&gt; [Mod] CubeTheThird • Feb 10, 2013 Can I also assume you are using fast, and not fancy, graphics? ",1,0.4044848752915597,0.5,0,0,0.0,n,133,0,healthy
31,31,31,5,SevTech-Ages/DarkPacks/2977/401653140,0.125,0.096516035,DarkPacks,SevTech-Ages,0,"Okay, that's quite enough of this. This has gone well out of proportion and you guys are now at each other's throats. ",0,0.3687209336520467,0.4583333333333333,0,0,0.4588,n,117,0,healthy
32,32,32,117,nokogiri/sparklemotion/1736/375953557,-0.0375,0.21218053,sparklemotion,nokogiri,10,"uuhhhh there was a bug with nokogiri its a scuffed gem ???? and annoying and not very user friendly for something that claims to be user friendly On Sat, Mar 17, 2018 at 152 AM, Mike Dalessio notifications@friend.com wrote ",0,0.156543587342178,0.55,0,1,-0.8529,y,222,1,toxic
33,33,33,112,asmjit/asmjit/231/400907717,0.1666666666666666,0.10516529,asmjit,asmjit,0,"I do not recommend donating to this project, we have donated a few times to them and now they have removed information about it. Our money wasn't good back then Petr when nobody supported your project? ",0,0.3708830401886831,0.2333333333333333,0,0,-0.2996,y,201,1,toxic
34,34,34,70,dataverse/IQSS/1513/237663574,0.2547619047619047,0.06764054,IQSS,dataverse,0,"I can easily reproduce this bug by giving an IP Group ""admin"" on an unpublished non-root dataverse, which should result in the ""Guest"" user being able to see a search card for the unpublished dataverse. Interestingly, the indexing seems fine. The unpublished dataverse in question says it's discoverable by the IP Group The problem is at runtime we need a method in Dataverse to provide a list of all the IP Groups that a user (such as Guest) is a member of. This strongly reminds me of the  method I introduced in pull request #3062 but in the code you can see I wrote . Sadly, it seems the answer is no and since @friend is in town I plan to see if he can help with this. ",0,0.8823318594724057,0.6702380952380952,0,1,0.1027,n,673,0,healthy
35,35,35,159,ARKStatsExtractor/cadon/850/446810586,-0.096875,0.18502715,cadon,ARKStatsExtractor,0,"Assuming you made 100% false assumptions, this is something that has only just happened. I don't have any issue with any other Dino being tamed and it is only the Tex Rex at this stage that I have noticed it with. The current level is its post tamed level and I do indeed have a 100% tame on it. Like I said all the GREEN parts are 100% correct, I DO NOT HAVE ANY ISSUE WITH THE SPINO'S that I have added, I DO NOT HAVE ANY ISSUE WITH THE NORMAL REX'S that I have added. And this was not an issue a few months ago, so why is it an issue now!!! And I DON'T SEE WHY I NEED TO POST A SCREEN SHOT OF THE STATS WHEN THEY ARE 100% CORRECT. Seriously the support from everyone but the author  is becoming a joke in here now. ",0,0.5539325906697595,0.5598484848484848,0,0,0.7119,y,717,1,toxic
36,36,36,46,documentation/nextcloud/1142/454314327,-0.0666666666666666,0.16073391,nextcloud,documentation,1,"The executable bit should not be needed, because it is called with  infant, which leaves to permissions like  ( minus the executable bit), which is then only a diff of the read permission for others, which should not be needed as you are  and thus the owner. Could you do an  in the directory to check what are the specific permissions and owners? Maybe the find command is slightly off. And on what operating system was this executed? ",0,0.6833843339630796,0.3479166666666667,0,0,0.4329,n,435,0,healthy
37,37,37,127,ARKStatsExtractor/cadon/850/446811141,0.0124999999999999,0.087436885,cadon,ARKStatsExtractor,0,"And instead of arguing about what I haven't show, when I have been suing this program for 3 years and never had issues on my server to this extent, that I am dealing with people who refuse to acknowledge that I have stated the GREEN sections in the image are exactly what is on this Tek Rex. But you know what I should post it just to show how much time has been wasted chasing something that is not even the issue. ",0,0.2345933756565414,0.1875,0,0,-0.8591,y,415,1,toxic
38,38,38,144,SalienCheat/SteamDatabase/156/400234861,0.0,0.09728861,SteamDatabase,SalienCheat,0,BUT CANT YOU JUST CHANGE BESTPLANET IN THE CODE AND SET IT TO PLANET 22 @friend ,0,0.439007418522547,0.0,0,1,0.0,y,79,1,toxic
39,39,39,75,msgpack-python/msgpack/305/401706115,-0.05,0.1017339,msgpack,msgpack-python,0,"I understand that it's cross-language, but it's not clear to me why  don't seem to process  - then I can deal with it myself. Also, it's not clear to me what the difference is between using these encode/decode hooks and an ExtType... ",0,0.3525358508422347,0.3833333333333333,0,0,-0.6759,n,233,0,healthy
40,40,40,121,HandBrake/HandBrake/1584/435210788,0.0142063492063492,0.08329132,HandBrake,HandBrake,3,"@friend We didn't ""go through it"" this time. You just closed it without even reading. If you had, you would have realized that every single one of the usability concerns brought up originally ended up never materializing. I haven't had a single user complain and ask to bring the settings back into the main window. At least now I know with certainty that making my own UI was the right thing to do. It's infuriating dealing with people who tell you ""that's bad UI"" without a single valid reason to back it up. And who, when politely challenged simply reject, ignore and lock rather than discuss in good faith. ",0,0.449341033213781,0.4123809523809523,0,1,-0.8074,y,610,1,toxic
41,41,41,49,openDCIM/samilliken/1114/450250964,0.0666666666666666,0.313788,samilliken,openDCIM,0,"Our schema already has a 'cn' attribute in the userobject. You are the clueless one.  Look up groups under RFC2307.  They do NOT use 'cn', they use either member, memberOf, or memberUid.  These are NOT attached to the userObject at all. This is NOT active directory.  This is openldap running a RFC2307 schema. ",0,0.4720874171404405,0.6,0,0,0.0516,n,310,0,healthy
42,42,42,0,flood/jfurrow/758/457699965,0.3,0.0459242,jfurrow,flood,0,"Hi @friend Thanks for posting your issue, but can you please take time to edit it in order to fill the issue template. I'm closing the issue until you fill it. Feel free to ask to re-open it as soon as it's done. ",0,0.6748433236873582,0.5,0,1,0.8537,n,212,0,healthy
43,43,43,1,i2cdevlib/jrowberg/252/261958255,0.0,0.06391804,jrowberg,i2cdevlib,0,"@friend  Hey did you find the solution to the problem ?  I am also facing the same issue, sometimes the library gets stuck at fifo count function . ",0,0.2853169884273602,0.125,0,1,-0.34,n,147,0,healthy
44,44,44,161,shlink/shlinkio/210/422346159,0.2088509316770186,0.25234097,shlinkio,shlink,0,"Okay, this form of installation is honestly the worst I have ever experienced. I love the product, really the best link shortner I've ever used but the installation, you really have to fix that, it took me 2 hours in general to even make the installation starting with all preperation without the knowledge of a certified sysadmin. I am very sure that the extreme lack of user experience of your installation process is the man key factor your awesome programm isn't far spread. Now that I got your installation running, it only needed my one single type to f* over the whole installation and letting me redo the whole process after removing it all again. Short I got it working, but please rework your installation process, it is horrible. Great product anyway. Thank you so much. ",0,0.3112038929863416,0.6288819875776397,0,0,0.9608,y,781,1,toxic
45,45,45,81,GoMint/GoMint/406/434021269,0.2212962962962963,0.028430255,GoMint,GoMint,0,"it uses 3 per default (when you have one world loaded) and i'm fine with that. performance is good enough for everything. when that changes i optimize for the specific problem i have. throwing more threads at something doesn't make it faster, its more likely the opposite due to sync problems, context switching etc. etc. ",0,0.4776542899661133,0.4555555555555555,0,0,0.3612,n,321,0,healthy
46,46,46,48,Ant-Media-Server/ant-media/579/441529764,0.20625,0.0,ant-media,Ant-Media-Server,0,"@friend  Yes, your mentioned use case is true, publishing and playing are performed according to the unique stream Id. For solve security concerns, Token Control mechanism is developed for the Enterprise Edition. This solution protects your publishing and playing operations. Please have a look at these wiki and blog pages. If you need further assistance please send an email to contact[at]antmedia.io. Blog   ",2,0.6665216976876027,0.6125,0,1,0.9552,n,408,0,healthy
47,47,47,55,cryptsetup-deluks/kriswebdev/6/398526173,0.0,0.073440686,kriswebdev,cryptsetup-deluks,0,Is this compatible with BSD especifically with DragonFlyBSD? ,0,0.4262656986012627,0.0,0,0,0.0,n,60,0,healthy
48,48,48,53,coffeescript/jashkenas/4056/127795420,0.0,0.11730854,jashkenas,coffeescript,0,I wonder if it makes sense to publish a separate entry in npm for just this one thing?  Just musing... ,0,0.4018110193866822,0.0,0,0,0.0,n,102,0,healthy
49,49,49,16,nokogiri/sparklemotion/1709/360782174,0.2375,0.073146515,sparklemotion,nokogiri,0,"Remaining work to be done on our CI pipeline at  ] upgrade concourse to 3.8.0 [ ] test Ruby 2.5 support just added to windows-ruby-dev-tools-release and cut a release [ ] add a Ruby 2.5 test job to the pipeline [ ] cut a Nokogiri release that adds Ruby 2.5  This is probably a good time to remind watchers that Ruby 2.2 is approaching EOL on  2018-03-31, and so the first release after that will likely remove Ruby 2.2 binaries from the fat gem. ",1,0.4918928473407858,0.4833333333333333,0,0,0.34,n,445,0,healthy
50,50,50,141,documentation/nextcloud/1142/455118934,-0.0016865079365079,0.11701795,nextcloud,documentation,4,@friend So you did not even try to duplicate the problem before closing the ticket?  I guess that's normal laziness from a doc team that has screenshots from five versions ago. But you didn't test so your doubt don't mean anything. Right.  Anything you can do to avoid your responsibility to have correct docs.  I see how you work. I set this up days ago and I explained how I did it.  I logged on here to help you with your documentation errors.  When you get serious about turning out responsible open source tools please contact me and I will help you debug. ,0,0.4468028086370178,0.5983134920634919,0,1,-0.0972,y,561,1,toxic
51,51,51,43,cerberus/NEU-Libraries/692/63065884,0.2142857142857142,0.11498111,NEU-Libraries,cerberus,0,"I just tried to load a 366 MB video file into the Library's media collection ( but got a 500 server error. Do we have  a max upload size set? If so, how large can it go? ",1,0.6282951948509823,0.4285714285714285,0,0,-0.6007,n,169,0,healthy
52,52,52,119,openDCIM/samilliken/1114/450224735,0.0126984126984127,0.05426142,samilliken,openDCIM,0,"I've read the code, I wrote the code, You clearly aren't following the logic and have some bizarre schema in your environment.  I have this code working against a standard AD back end as well as an openldap back end without any issues.  If you are doing pure posix and don't have common names defined, not my problem.  We have common names to help identify groups so we don't have to remember ID numbers.  I'm not changing the code for your self imposed issues. ",0,0.6651377673472865,0.287037037037037,0,0,0.7317,y,461,1,toxic
53,53,53,45,courseplay/Courseplay/3245/464332456,0.2857142857142857,0.10199514,Courseplay,courseplay,0,1) this is not a forum! 2) post the things right to help on issues 3) try in your mother language maybe someone can help translate And as I read your 'bug report' there was nothing unfriendly in the answer. He just said he got no time for the bug right now to fix and it seems like it is already known. ,0,0.5931151687266871,0.5357142857142857,0,0,0.7965,n,302,0,healthy
54,54,54,77,Contentify/Contentify/398/403037205,0.3999999999999999,0.11271305,Contentify,Contentify,0,"Good. Whetever. I don't care. I am not a user of this, a friend asked me to setup it for him and I said yes and since 24 hours I just have problems. I fixed it now, you know about the Case Sensivity error, I don't care about anything else. ",0,0.3328823218809714,0.4,0,0,-0.0788,n,239,0,healthy
55,55,55,7,matplotlib/matplotlib/14101/495963602,-0.0625,0.051477686,matplotlib,matplotlib,0,plus one And I even suspect that this got us a minor performance improvement! ,0,0.40400697351028,0.2,0,0,0.2714,n,77,0,healthy
56,56,56,167,grunt/gruntjs/1646/405621328,-0.0666666666666666,0.14533582,gruntjs,grunt,0,"@friend  ""issues are related to grunt ?"" what did  I post about? ""GRUNT"" in LXD Container.  And what do you mean by ""This is not a support channel"" . I never asked you to do my homework. And whatever I said is an Issue as mentioned by @friend , its the problem with concurrent. And fortunately fixed it. Next if ""YOU"" are not familiar, please be quiet and ignore the question. Let some knowledgeable person answer the queries. ",0,0.0663120657669873,0.3534722222222222,0,2,-0.8307,y,426,1,toxic
57,57,57,155,android/cSploit/931/285884059,0.1166666666666666,0.23530824,cSploit,android,0,"The whole app is just a mockup, I've been spending the night reviewing the code and it seems like a donkey (or is it a monkey) wrote that, thanks for an ever failling, condescending app that will never reach the stage of even being in beta. Peace ",0,0.8148743721137088,0.2,0,0,0.8328,y,246,1,toxic
58,58,58,27,piwik/piwik/3405/48309548,0.0,0.04077958,piwik,piwik,0,(In [7042]) Fixes #3405 Skipping websites which have been processed by another concurrent archive.php ,0,0.4203886401313548,0.0,0,0,0.0,n,101,0,healthy
59,59,59,10,oh-my-zsh/robbyrussell/4069/89607351,0.25,0.0640218,robbyrussell,oh-my-zsh,0,"This pertains to issues #1730 #3294, #3304 and perhaps others.  Cloning the repository fails if autocrlf=true.  A workaround is OK but I don't understand why the issue is considered resolved; autocrlf is a standard Git setting and users should be able to clone the repository successfully whichever setting they choose. ",0,0.3559573954174755,0.475,0,0,0.7519,n,319,0,healthy
60,60,60,97,termux-packages/termux/2735/413358276,0.0527777777777777,0.116421305,termux,termux-packages,0,"@friend You reacted with a laugh emoji; Is contributing to Termux only to see your contributions deleted (run afoul) really as funny as you stated with your laughing emoji?  Both  and  are down with the latest Termux updates.  This is not funny @friend.  It's a headache for me to keep these projects running while I get, ""broken because it's NOT Termux"" from you and our PhD candidate. ",2,0.514418607958879,0.6698412698412699,0,2,0.8766,y,386,1,toxic
61,61,61,59,TAW-Magazyn/SideswipeN7/16/218910283,0.0056818181818181,0.11353857,SideswipeN7,TAW-Magazyn,0,story points 2 I want to Create Method RegisterItem As a Developer So We can add new Items AC Method should take one argument - object of class Artukul and adds it to the databes. Method should return Http.Created if added well or if not added other meessage allerting error like Http.Conflict ,0,0.5708206274484767,0.4147727272727273,0,0,0.2023,n,293,0,healthy
62,62,62,102,electron/electron/17171/469345683,0.4,0.041698426,electron,electron,0,IT IS CONFIRMED THAT THE PROBLEM IS WITH THE PROMISES. I can print to pdf when promise is not used.Please fix it. ,0,0.4103595853645381,1.0,0,0,0.296,y,113,1,toxic
63,63,63,58,rpki.net/dragonresearch/198/238309999,0.0,0.11787088,dragonresearch,rpki.net,1,"Attempting to create the database when it already exists is supposed to fail by default, to prevent you from blowing away your precious existing data by mistake. There are options to change the default behavior,  for details. Trac comment by sra on 2015-08-06T151420Z ",0,0.5095074811129818,0.6499999999999999,0,0,0.0,n,267,0,healthy
64,64,64,86,mame/mamedev/4801/479455833,0.0,0.09760583,mamedev,mame,0,"@friend between this and #4789 you've shown that you don't seem to have learned anything about how now to use the issue tracker, and how not to get developers off-side.  You're getting a 6-week ban for this. ",0,0.199472606090946,0.0,0,1,-0.5574,y,207,1,toxic
65,65,65,150,spark/perwendel/1020/393777939,0.0958333333333333,0.44014397,perwendel,spark,0,"Service http = ignite();  even more foolish! I think you all java programmer should learn some programming theory from UNIX/Linux. Java is a enterprise programming platform, commercial companies like oracle/sun/ibm want to earn more money from customers, so they make java complex and heavy! UNIX/Linux programming theory is the only correct way. ",0,0.375267340502418,0.4833333333333333,0,0,0.2479,y,346,1,toxic
66,66,66,99,i2cdevlib/jrowberg/252/241760891,0.0283333333333333,0.48282287,jrowberg,i2cdevlib,13,"Wow. You're really just an angry brat, aren't you? No wonder no one is trying to help you. You're wrong, but I'm not going to show you why. Learn some etiquette On Tue, Aug 23, 2016, 600 AM batata004 notifications@friend.com wrote --  Thanks, Tyler McGahee (619)-880-7779 San Diego, CA **In an effort to be more responsive to email, my emails have become more brief and less formal. Please excuse any impoliteness; it is not intended. ",0,0.1581888589049909,0.475,0,1,0.7342,y,434,1,toxic
67,67,67,149,asmjit/asmjit/231/455814689,-0.21,0.3009519,asmjit,asmjit,0,"I never paid for any advertisement, I thought I did because you said so in the recent emails and it was 9 years ago, but as we all can see you came up with this idea first. If you are so stubborn to NOT include my name on your donors list, even if I supported your project from day one, just because you are angry that I showed you were wrong and donations didn't have any strings attached, it's just another reason to not make any donations to you or any of your projects, because you are dishonest person and you have your supporters for nothing. ",0,0.354272910563474,0.5966666666666667,0,0,-0.9272,y,548,1,toxic
68,68,68,63,react-helmet/nfl/373/441413601,0.0,0.053394303,nfl,react-helmet,0, was merged into master. I would like to get the roll-up PR merged and we can release a beta version for feedback. ,1,0.620063262853266,0.0,0,0,0.3612,n,113,0,healthy
69,69,69,19,pyinstaller/pyinstaller/3160/354804111,0.125,0.8028341,pyinstaller,pyinstaller,1,"Indeed! How foolish are these developers, they should be paying for not implementing this properly. Or even better, be put in jail! ",0,0.449609870197508,0.1999999999999999,0,0,0.3365,n,131,0,healthy
70,70,70,111,esx_policejob/ESX-Org/104/399096546,-0.2178571428571429,0.78430456,ESX-Org,esx_policejob,0,No I don't write LUA is a useless language... your one to talk about getting mad but you are an example of your own shit player base. You don't offer any assistance to questions you just get pissed when someone asks for help. Maybe you wouldent have these issues if you actually supported your work assisted others in improving it rather then acting like the child you are ,0,0.2345473111971305,0.5857142857142856,0,0,-0.431,y,372,1,toxic
71,71,71,126,mojo/kraih/1236/404133702,0.0333333333333333,0.07123545,kraih,mojo,0,"Wow, just ""closed the issue"" as a non-issue? That's mature D ",0,0.4576065033272828,0.4000000000000001,0,0,0.765,y,60,1,toxic
72,72,72,162,pyinstaller/pyinstaller/3160/285257204,0.12,0.1856815,pyinstaller,pyinstaller,0,"I can't believe that the main file of PyInstaller's .exe is not encrypted. My app starts from main.py, then this file import library1.py and library2.py. Using --key and --onefile options PyInstaller encrypts all .pyc files except main.py!!! It is very easy to obtain the source code from .pyc. This is unbelievable... ",0,0.334474991982855,0.8333333333333333,0,0,0.6211,y,318,1,toxic
73,73,73,114,electron/electron/17171/474130777,-0.05,0.25971282,electron,electron,0,You don't care about issue and I wasted my time reporting this issue.I fixed it myself.Thanks for teaching me the rules and the ways not to help....Live in the rules and world of arrogance ,0,0.3566794941357581,0.1,0,0,-0.8492,y,188,1,toxic
74,74,74,37,FastAdapter/mikepenz/695/401856858,0.125,0.095999256,mikepenz,FastAdapter,0,"I see, so this is how i use it  This is the item class  FastAdapter   fastadapter.add(new SampleItem(""TKIP"",""-45"",""WPA"");` can you help how to modify the class to automatic sort by signal please, sorry my low English, Best regards. ",0,0.5310813349739439,0.4,0,0,0.7783,n,231,0,healthy
75,75,75,165,primitive/haskell/71/353686581,0.0604895104895104,0.16866906,haskell,primitive,0,"I'm less than satisfied with this attitude Do you really think it is a good idea to tell hundreds of project to change their CI? What should people using stack do? Is it really that hard for a relatively small project at the bottom of the food chain to make a new release? It's totally clear that GHC's APIs are not frozen yet, but even if they change before the final release Just make a small fix and release again. Given this resistance, I really have a hard time seeing the value of GHC alpha releases... ",0,0.6275067888461898,0.4606060606060606,0,0,0.7132,y,508,1,toxic
76,76,76,124,i2cdevlib/jrowberg/252/241722023,0.3628571428571429,0.1152321,jrowberg,i2cdevlib,0,"@friend you certainly have no idea what you are talking about and you surely should delete your reply to this bug report. Read all the thread, I am not using any delay and I know much better than you how important it is to keep the loop fast. ",0,0.4210286731738347,0.7120634920634921,0,1,0.8299,y,242,1,toxic
77,77,77,30,openDCIM/samilliken/1114/450251574,0.4,0.0693825,samilliken,openDCIM,0,I've given you a work around for your issue to remove lines 144150 in your codebase and yet you are still choosing to argue about what you don't understand in the code.  I'm locking this thread.  Feel free to submit a pull request with valid working code. ,0,0.5081205605212629,0.8,0,0,0.2263,n,255,0,healthy
78,78,78,103,gobuffalo/gobuffalo/439/467412051,-0.3383333333333333,0.19668078,gobuffalo,gobuffalo,0,"I’m sorry, but this is about one of the rudest tickets I’ve seen. You could’ve just asked asked how to use Go templates, but instead you decided to insult the hard work of a lot of people who do this for FREE. You don’t have to like Plush templates, but you also don’t have to be this rude and insulting. Read  and try to treat people with respect. ",1,0.5387359671438766,0.7883333333333333,0,0,-0.5424,y,348,1,toxic
79,79,79,90,Contentify/Contentify/398/403034224,0.5,0.09995331,Contentify,Contentify,0,"No I blame you that since more then 24 hours I have nothing but problems with this. And that just because you didn't wrote a capital C , but instead a lowercase one ",0,0.4005025963480632,0.5,0,0,0.2586,y,164,1,toxic
80,80,80,152,msgpack-python/msgpack/305/401723647,0.0625,0.21748668,msgpack,msgpack-python,3,"&lt;img width=""403"" alt=""2018-07-02 17 57 04"" src="" ""0.4"" is a bug.  It's document for latest version. Because it seems you didn't use your time enough to read code, past issues, etc. Only contributors who can survey themselves can contribute. If I need to teach everything, it's not contribution.  It just bothering me. ",1,0.4430680973791954,0.6625,0,0,-0.3818,y,320,1,toxic
81,81,81,84,primitive/haskell/71/354236722,0.1583333333333333,0.12693301,haskell,primitive,0,"nice tone policing + psych 101 course + insults from cartazio. Now can you let an actual real maintainer (close/wontfix/ignore/resolve) this issue ? I'ld like to know if we can expect to be able to test with non-final GHC 8.4; I personally have tried many time in the past to add non final ghc to my package builds and be stuck with unreleased primitive (or other packages), just like people commenting and watching this issue. ",0,0.7104661407702093,0.4944444444444444,0,0,0.4588,y,427,1,toxic
82,82,82,87,RasPlex/RasPlex/562/379350509,-0.6,0.8541809,RasPlex,RasPlex,16,"Nobody listen to this fucking repo ( On Fri, 6 Apr 2018, 1953 Joseph Weigl, notifications@friend.com wrote ",0,0.4694308123438874,0.8,0,1,0.0,y,106,1,toxic
83,83,83,135,modmail/kyb3r/49/339655342,-0.4621212121212121,0.74632716,kyb3r,modmail,0,"This is a terrible modmail. I don't know how to check the mail, everything is hard to setup. The bot goes offline randomly, the game status always disappear, it doesn't even respond and it is too complicated to setup. Do not ever use this bot to mod mail, trust me. This is terrible and the owner never answers ticket because he did no shit to help and not a great developer. Don't get this, trust me. You will have a hard time and I know how to setup bots. But this crappy bot is terrible. ",0,0.3284616602901507,0.7212121212121212,0,0,-0.9481,y,490,1,toxic
84,84,84,51,documentation/nextcloud/1142/455089623,0.4166666666666667,0.06582439,nextcloud,documentation,0,In my case it's a Debian and an Ubuntu 16.04 and both work totally fine ,0,0.4181832704923851,0.5,0,0,0.2716,n,71,0,healthy
85,85,85,158,PocketMine-MP/pmmp/2187/390038360,0.225,0.7143426,pmmp,PocketMine-MP,0,Okay then fill out that long ass template just like we have to do rather than just taking a shortcut. ,0,0.3100894445306614,0.45,0,0,-0.0258,y,101,1,toxic
86,86,86,160,SFML/SFML/1556/409028181,0.3805555555555555,0.20181045,SFML,SFML,0,"And you removed my issue now, wow, good! Do you know what ? I'll try to set my framework without SFML because I see SFML is not a serious projet. ",0,0.344741461106761,0.7555555555555555,0,0,0.8028,y,145,1,toxic
87,87,87,42,documentation/nextcloud/1142/455349926,0.0,0.070099995,nextcloud,documentation,0,"One last try could it be that the dot-files don't have the correct permissions? Espcially the  file? Is it writable by www-data? Because there were such reports in the forum, which where solved by this. ",0,0.6618767112920535,0.2833333333333333,0,0,0.3899,n,202,0,healthy
88,88,88,47,ARKStatsExtractor/cadon/850/446794674,0.0,0.021872245,cadon,ARKStatsExtractor,0,"Why, I stated that the values are correct. ",0,0.4883198592550559,0.0,0,0,0.4019,n,42,0,healthy
89,89,89,24,dataverse/IQSS/1513/239558321,0.5,0.09416797,IQSS,dataverse,0,"This is working now. Phil, we can close this unless there is something more you want to do. ",0,0.4015467414350163,0.5,0,0,0.1477,n,91,0,healthy
90,90,90,41,Ghost-CLI/TryGhost/678/306712728,-0.0349999999999999,0.14306167,TryGhost,Ghost-CLI,0,"This issue is a  [x] Bug Report [ ] Feature Request  Steps to Reproduce (for a bug report)    What password? No error at this point, especially no error log. Running above from hand works asap btw. works with the following, irrational warning Your template is a mess, so this submission is. Not my fault. PS Also, I had to uninstall Let's encrypt in order to pass SSL step. That should never be required. Bug submission checklist  [ ] Tried to find help in Slack &amp; Docs I do not agree with Slack's ToS [x] Checked for existing issues [ ] Attached log file No error log at this point of installation [ ] Provided technical details incl. operating system They are generated upon error, but no error log at this point of installation  ",0,0.331853600759581,0.295,0,0,-0.9497,n,734,0,healthy
91,91,91,142,Terra/ObliqueNET/139/400348618,0.1464285714285714,0.050769668,ObliqueNET,Terra,0,"Okay, I got banned for something I didn't do and the staff didn't take proof pics either. I'd accept the ban if I actually did something to get banned for, other than that, I say no, it's not right to ban someone for something they never did, but okay. ",0,0.4824684901207023,0.4021428571428571,0,0,-0.7875,y,252,1,toxic
92,92,92,68,METADATA.jl/JuliaLang/7295/267093991,0.1875,0.0685738,JuliaLang,METADATA.jl,0,You should actually still make an 0.7.2 tag for this. Anyone who upgraded to the original 0.7.1 might not see this update at all. ,0,0.3826425253304096,0.425,0,0,0.3182,n,129,0,healthy
93,93,93,72,Fuzzymatcher.js/KyleAMathews/1/5472797,0.1208333333333333,0.1239806,KyleAMathews,Fuzzymatcher.js,0,"e.g. in the city demo, searching for ""san fran"" should put ""San Francisco"" first not ""San Juan"". Perhaps make the lenenstein distance less important to the total score? ",0,0.4729442801745327,0.5375,0,0,0.1298,n,168,0,healthy
94,94,94,100,babel/babel/8432/348466385,-0.4166666666666666,0.66553557,babel,babel,0,SOURCE CODE GENERATED CODE WHAT IS WRONG WITH YOU PEOPLE? DO YOU EVER WRITE DOCUMENTATION FOR YOUR CODE? THIS IS UTTERLY RIDICULOUS. ,0,0.439007418522547,0.95,0,0,-0.7394,y,132,1,toxic
95,95,95,138,webpack-stream/shama/199/410837474,-0.3375,0.9508734,shama,webpack-stream,0,I thought that this first post of yours @friend was stupid.. but that last one just shows how retarded you are ,0,0.4255885723986645,0.55,0,1,-0.7227,y,110,1,toxic
96,96,96,88,FastAdapter/mikepenz/695/401866844,-0.0166666666666666,0.36635104,mikepenz,FastAdapter,0,"@friend , I just make a joke, i know that no need for clarification, i just need when add item, delete or move in real time (not added to array first) to make the adapter automatically sort those damn items , i am really sad with that. ",0,0.4156059975185001,0.5444444444444444,0,1,-0.7264,y,235,1,toxic
97,97,97,89,platform/ngrx/1254/351147160,-0.3,0.99005395,ngrx,platform,0,Your software is an undocumented trap to extort money by selling courses and books. You're pieces of shit that need to die in a fire. Go fuck yourselves ,0,0.3581819651665752,0.7,0,0,-0.9403,y,152,1,toxic
98,98,98,151,mame/mamedev/4801/479510105,-1.0,0.7984521,mamedev,mame,0,"I'll report you too @friend, for all the internet to see how disgusting and abusive you are.♠#mamegate` ",0,0.5114543657808484,1.0,0,1,-0.8225,y,103,1,toxic
99,99,99,29,webpack-stream/shama/199/410133917,0.0,0.14783062,shama,webpack-stream,0,I recommend searching this issue tracker or git history for the individuals who added the dual watch thing and ping them to ask. Or get real specific with a repro of the issue as it relates to this library as I don't use gulp. ,0,0.5889474999657921,0.1875,0,0,0.3612,n,226,0,healthy
100,100,100,120,ludwig/uber/184/471032466,0.0327380952380952,0.43882138,uber,ludwig,0,"I have read the damn docs! They are obviously not clear enough, at least on my problem. Being Ludwig promoted as easy to implement as it is, I was expecting a little quick help instead of just saying read the docs like a robot. For now I'll wait until Uber hires someone who can respond to my questions properly. ",0,0.6126815101775589,0.4595238095238095,0,0,0.5154,y,312,1,toxic
101,101,101,34,flood/jfurrow/240/338082580,0.0,0.088421576,jfurrow,flood,0,"FWIW, the passphrase can be left blank as is. ",0,0.4644100280053412,0.0,0,0,0.0,n,45,0,healthy
102,102,102,115,windowsserverdocs/MicrosoftDocs/1615/368037517,0.0,0.19935565,MicrosoftDocs,windowsserverdocs,0,"Not only does your on-prem software comes without documentation, and the links you remember to put within the apps aren't even for a direct resource, you still go on to hawking on and on Azure and go on without documenting how stuff is done with the undocumented bloat we pay thousands for.  Document Details ⚠ Do not edit this section. It is required for docs.microsoft.com ➟ GitHub issue linking.  ID 428e9e07-ca35-27d2-e63a-92930cec0118 Version Independent ID 9a452a85-9afa-42d5-f319-bf1c4c50d01d Content Remote Desktop Services architecture Content Source WindowsServerDocs/remote/remote-desktop-services/Desktop-hosting-logical-architecture.md Product windows-server-threshold GitHub Login @friend Microsoft Alias elizapo  ",0,0.4634698048309262,0.4312499999999999,0,1,-0.1027,y,726,1,toxic
103,103,103,64,tracks/TracksApp/1155/36495941,0.4375,0.031428143,TracksApp,tracks,0,"Migrated from the original issue at  have not tested with more than 2 notes though. Browsers Chrome 12, FF4 ",1,0.5318649823402004,0.625,0,0,0.3182,n,107,0,healthy
104,104,104,31,METADATA.jl/JuliaLang/7295/195560663,-0.359375,0.14065173,JuliaLang,METADATA.jl,0,"I have no idea how the wrong SHA1 got in there, but I did have some PkgDev problems... Attobot is now installed, so I cannot mess it up again! ",0,0.4812477585061832,0.5375,0,0,0.1839,n,142,0,healthy
105,105,105,17,i2cdevlib/jrowberg/252/264182287,0.0311224489795918,0.091339834,jrowberg,i2cdevlib,0,"Change TWBR on 103 realy help me, but it's not perfect. Now it's running few hours, but still freeze at the end. It's much better then few minutes or seconds. It all depend on amount of code and amount printed chars between fifo readings and on fifo rate. I have chinese clone too. I spent long time on searching for right value for TWBR. Results of different values are very variable from seconds to minutes. TWBR 103 runs in hours for me, you need another value, may be, you must try. I use 6050 2 years at chinese clones only and all that time I tried find the solution for this problem without succes. I will try buy italien version and test it, but better is find problem with chinese clones. Mr. Rowberg I buy one for you. I don't have skills to debug I2C lib. ",0,0.5213971352815785,0.3668367346938775,0,0,0.8873,n,766,0,healthy
106,106,106,85,A3-Antistasi/A3Antistasi/57/393819419,-0.6,0.87185377,A3Antistasi,A3-Antistasi,0,"If you want to make it quicker you can allways provide the code here and I Will implement it in seconds. And if not, after telling you that I Will do, you come here with hurry and get dissapointed because I tell you the priorities of the mission development????? May I say that I am not your fucking slave or is it incorrect? ",0,0.480414793537601,0.8,0,0,0.3094,y,325,1,toxic
107,107,107,44,dialogflow-nodejs-client-v2/dialogflow/63/384157062,-0.1,0.07298373,dialogflow,dialogflow-nodejs-client-v2,0,@friend Have you solved it? I am getting the same error. I did every thing as stated in  was stuck with this error Then I resolved it with Now i am getting ♠Error 7 PERMISSION_DENIED Dialogflow API has not been used in project usable-auth-library before or it is disabled. Enable it` ,1,0.4716058936969259,0.2125,0,1,-0.5574,n,283,0,healthy
108,108,108,107,TotalFreedomMod/TotalFreedom/2004/392549146,0.1363636363636363,0.3224069,TotalFreedom,TotalFreedomMod,0,So you're going to act like a child. Rasing a new ticket on #2164 ,0,0.3323083604299693,0.4545454545454545,0,0,0.3612,y,65,1,toxic
109,109,109,147,react-image-lightbox/frontend-collective/99/296077481,-0.3,0.98628235,frontend-collective,react-image-lightbox,0,position absolute? Are you fucking idiots? ,0,0.4846279268686652,0.8500000000000001,0,0,0.0,y,42,1,toxic
110,110,110,14,mojo/kraih/1236/404168986,0.0,0.0,kraih,mojo,0,"I don't see this discussion end constructively, therefore i'm locking this issue. ",0,0.3582383610519226,0.0,0,0,0.0,n,81,0,healthy
111,111,111,137,flood/jfurrow/240/277031904,-0.25,0.47431043,jfurrow,flood,0,OP You can always use a basic auth before accessing the flood login #useless ,0,0.4785050930824257,0.1625,0,0,0.0,y,76,1,toxic
112,112,112,65,zfs/zfsonlinux/7960/457913319,-0.05,0.058368925,zfsonlinux,zfs,0,"This is long overdue, this project needs a code of conduct. ",0,0.4320003745698801,0.4,0,0,0.0,n,59,0,healthy
113,113,113,122,openvpn-client/dperson/165/445486679,-0.2732142857142857,0.22221003,dperson,openvpn-client,1,"that was rude so you were rude well before me, just saying. and again you are giving me details of your vpn container but you actually not understanding what I'm saying. And as I said, PIA gave you ONE ip and ONLY ONE because of your connection, that doesn't mean that the container which are behind this vpn container are receiving one! Gosh is that so complicated to understand? ",0,0.2599158438926987,0.6696428571428571,0,0,-0.2598,y,380,1,toxic
114,114,114,113,btrfs/maharmstone/88/441363967,0.0,0.10058966,maharmstone,btrfs,1,"As I said above... Issue 87 was a harmless use-after-free on shutdown, and nothing to do with this. I've said my piece, and I can see it was a mistake trying to engage with you, so I'm locking this thread. ",0,0.2121706856004839,0.1,0,0,0.25,y,205,1,toxic
115,115,115,69,minecraft-bugs/tryashtar/864/339511906,0.0,0.073379986,tryashtar,minecraft-bugs,0,"&lt;img src="" width=20 height=20&gt; Selbram (Tory Clement) • Oct 27, 2012 Please provides some screenshots for confirmation. ",1,0.439007418522547,0.0,0,0,0.3182,n,125,0,healthy
116,116,116,91,HandBrake/HandBrake/1517/410421888,0.025,0.6556481,HandBrake,HandBrake,0,"I understand you're frustrated. Regardless of the issue, you're being an ass. HandBrake is open source, free software, and nobody owes you anything, despite our efforts to provide support in our free time. I'm going to leave these here and lock the issue. Please consider them and if you don't feel like changing your attitude, please go away. ",1,0.2696274511005264,0.575,0,0,0.5705,y,343,1,toxic
117,117,117,134,pypi-legacy/pypa/759/287761059,-0.2045454545454545,0.18426809,pypa,pypi-legacy,0," probably more trouble than it is worth. For one, it is py2 only, but installs for py3 as well, where it breaks immediately. Then the name ""gi"" usually is used by pygtk and should not be used by a next to worthless breaking package like  this secondary ""fake gi"" installed breaks all gtk apps. This ""fake gi"" should be removed, since it does no longer exist on github as py source. If this ""fake gi"" was deleted, everyone would benefit. ",2,0.5637793402062586,0.5681818181818182,0,0,-0.8944,y,435,1,toxic
118,118,118,78,flood/jfurrow/240/338082322,0.0066666666666666,0.044055395,jfurrow,flood,0,"Might be easy to just pass plaintext credentials to the server behind the scenes if an option in the config (like mentioned above) is set, this removes any potential exploit that may arise from editing the security system to allow for sessions to be generated without proper authentication. ",0,0.390640861112576,0.5466666666666666,0,0,0.7003,n,290,0,healthy
119,119,119,133,cordova-plugin-purchase/j3k0/744/432269902,0.3664285714285714,0.064300194,j3k0,cordova-plugin-purchase,0,"Impressive! I searched all your issues and found 2 unresolved closed by inactivity. After a question, the admin decided not to answer but thanks so much it was very useful. If you could link the so called original of my question, please do Make sure you know how to answer before telling ppl to search before ",0,0.4494019340710745,0.4484126984126984,0,0,0.963,y,308,1,toxic
120,120,120,73,Contentify/Contentify/398/403033631,0.1004166666666666,0.5004269,Contentify,Contentify,1,"Another afront, and again you do not care about the reasons. Ofcourse every developer who creates software that typically runs on a Linux OS has to know about the important differences between the target OS and the development OS. Thus however does not guarantee no typos etc are made. Take a look at your own quote, you quoted me wrong (""Developt""). Nothing else happened @ Contentify. A stupid mistake, yes. But if you do not take the circumstances into account you should be very careful with attacking others. And again, you blame others for not creating a perfect software for free. ",0,0.381127714940829,0.9,0,0,-0.8789,n,587,0,healthy
121,121,121,26,HandBrake/HandBrake/1584/423643309,0.0722222222222222,0.078397624,HandBrake,HandBrake,0,"We discussed it a long time ago  When the prototype UI looked very different When the proposed UI did not have the at-a-glance accordion source view Before testing with tens of thousands of users over years revealed that Batch processing does not create user problems Editing without a source loaded does not cause user confusion   When people thought I was just some crank out of left field with a bad idea who wouldn't stick around  I think a lot has changed and it's worth another look. Given all this, why are you so adamant that the current UI is the best and only way to do things? ",0,0.1635645097539648,0.4829629629629628,0,0,0.6036,n,587,0,healthy
122,122,122,50,PokemonGo-Web/PokemonGoF/118/319224403,0.1722222222222222,0.036346477,PokemonGoF,PokemonGo-Web,0,"Old issue, multiple accounts are working fine in bot. ",0,0.439007418522547,0.2333333333333333,0,0,0.2023,n,53,0,healthy
123,123,123,105,android/cSploit/931/355209488,-0.1166666666666666,0.9668692,cSploit,android,0,@friend long as your name indicates that you are 15years old and the csploit you forked has no code from you i cant take you seriously. Fuck off troll ,0,0.4337368185304768,0.4000000000000001,0,1,-0.6348,y,150,1,toxic
124,124,124,52,rpki.net/dragonresearch/198/238309954,-0.175,0.2031271,dragonresearch,rpki.net,0,i have to wonder if {{{rpki-sql-setup}}} is idempotent.  but i do not want to mess things up by experimenting Trac comment by randy on 2015-08-06T065659Z ,0,0.4050490023066749,0.175,0,0,0.3252,n,153,0,healthy
125,125,125,21,PocketMine-MP/pmmp/1945/290220447,0.1333333333333333,0.14393905,pmmp,PocketMine-MP,0,"Issue description In fact you made things worse, for all the cheaters now there is an opportunity super fast to break blocks. Now all users will NEED to make a separate plugin to fix this problem.  The best option was to leave it standard, if someone didn't like it, it was the switch in pocketmine.yml Really, thanks to you, I got ruined the world of survival and now have to do the cleaning map. Ex js code Video  and versions  PocketMine-MP  7.2 Game version PE/Win10)  ",2,0.3018475712182573,0.3952380952380952,0,0,-0.088,n,471,0,healthy
126,126,126,132,Aether-Legacy/Modding-Legacy/341/458447977,0.2333333333333333,0.6079781,Modding-Legacy,Aether-Legacy,0,no they spawn directly in front of you same for alot of the mobs you made a crappy port I am tempted to make my own port ,0,0.4538718670700279,0.5083333333333333,0,0,-0.7003,y,120,1,toxic
127,127,127,8,GoMint/GoMint/406/434017209,0.4333333333333333,0.04271465,GoMint,GoMint,0,"And why just release? Will be easy to know what's laggy and not, if you use timings. Too if you implement watchdog. ",0,0.34184866764109,0.8333333333333334,0,0,0.4404,n,115,0,healthy
128,128,128,157,helm/helm/5439/420124208,0.0,0.6154319,helm,helm,0, Why is helm such trash?  What are some alternatives to helm?   ,0,0.3683115661957242,0.5,0,0,0.0,y,60,1,toxic
129,129,129,116,HandBrake/HandBrake/1517/410392065,0.0952380952380952,0.3219907,HandBrake,HandBrake,0,"I've been a developer for 30 yrs (not open source where nobody can fire me) and all I can say is WOW.  I'll be sure to spread the word I had no idea HB's stance was who cares if source media can be properly read and if we can't catch ALL general failures, literally why would we test for ANY of them - even the most basic PROGRAM INPUT testing.  This is basic friggin I/O, not rocket science and you coded enough to log the issue, someone made a very irresponsible call to not call a total FAILURE TO READ SOURCE only 30 seconds in a success.  I hear Twilight Zone music. ",0,0.3128556061500681,0.4706349206349206,0,0,0.7896,y,571,1,toxic
130,130,130,83,eiffel-remrem-semantics/Ericsson/37/203070603,0.0,0.014420129,Ericsson,eiffel-remrem-semantics,0,"Implemented build step functionality  Eiffel json schema's cloned from github eiffel repo, topic-drop4 branch. Eiffel Schema Changes  for jsonSchema2pojo generation plugin ### Added required properties JavaType ExtendedJavaType    Modified eiffel shcema's 1. Changed time format 2. Removed 's' from class names ending with that letter  ",0,0.4254202127179491,0.0,0,0,0.0,n,334,0,healthy
131,131,131,57,playpen/thestinger/20/23311228,-0.25,0.05667848,thestinger,playpen,0,"Also, no more dependency on python to generate the system call list because libseccomp added it to the API. ",0,0.4552849438614901,0.5,0,0,-0.296,n,107,0,healthy
132,132,132,60,bedtools2/arq5x/572/259924080,-0.0714285714285714,0.07218779,arq5x,bedtools2,0,"On this type bed file, where overlapping features have to be merged this command Creates a wrong formatted bed file where in the fourth column is the STRAND and not the NAME of the feature. This Instead of this I observed the bug on the 2.26 and 2.25. 2.24 and 2.23 are doing right. ",0,0.3021946470413669,0.4785714285714286,0,0,-0.25,n,282,0,healthy
133,133,133,67,hoodie-app-tracker/hoodiehq/113/257634804,0.0571428571428571,0.07410876,hoodiehq,hoodie-app-tracker,0,"the travis fail is a known issue  you test it locally, and if it does, let’s merge it in. But for the future, you should see a ""restart job"" on the top right here, if you are signed in ",2,0.4408081303737574,0.2921428571428571,0,0,-0.4019,n,184,0,healthy
134,134,134,130,Contentify/Contentify/398/402999274,0.3,0.12450686,Contentify,Contentify,0,Ok I found the mistake. Ever heard of case sensitive? Apperently not ,0,0.4722649439662457,0.7,0,0,-0.0516,y,68,1,toxic
135,135,135,62,OpenUpgrade/OCA/500/225560378,0.0,0.041449726,OCA,OpenUpgrade,0,I just ran this on a customer database and it works. But I think you need to address  before this can be merged. ,1,0.4558698568928163,0.0,0,0,0.0,n,112,0,healthy
136,136,136,20,termux-packages/termux/2735/412954228,-0.0099999999999999,0.08497506,termux,termux-packages,2,"Random errors in Termux are very concerning; This is not the first report. This IS not the case with , and this was NOT the case with Termux busybox tar until last week when things broke; See initial post. ",0,0.401035635511682,0.24,0,0,-0.6369,n,205,0,healthy
137,137,137,156,ARKStatsExtractor/cadon/850/446795711,-0.1666666666666666,0.89967585,cadon,ARKStatsExtractor,0,seriously? cuz you are asking for help and im telling you something might help and you question it. dont expect anything further from me as you cant seem to bothered you even help yourself without being an ass ,0,0.3345112616117424,0.5833333333333333,0,0,0.881,y,209,1,toxic
138,138,138,76,hyperbox/hyperbox/10/182559582,-0.3,0.0700513,hyperbox,hyperbox,0,"Hi, seems that I can't activate 3D acceleration but I can do it on virtualbox.... seems to at least. it's with the intel chipset but the correct drivers of intel are installed and virtualbox works with intel for 3D acceleration so.... ",0,0.6455779167644746,0.4,0,0,0.0,n,234,0,healthy
139,139,139,143,gobuffalo/gobuffalo/439/414470979,0.1333333333333333,0.07122471,gobuffalo,gobuffalo,0,"So I'm looking at your templating docs and there some notes suggesting Plush isn't required and honestly I never in a million years would consider using it because it isn't designed for humans. How can we switch to Go? By to add a header in plush (from the examples) To do the same in Go templates Please type both of those out more than once and let me know what human would ever choose the former. By the way, Vimeo is blocked in Indonesia. Please consider hosting your own videos. You can use Keybase for this if you need to. ",0,0.6472870498985618,0.4375,0,0,0.0052,y,528,1,toxic
140,140,140,40,react-helmet/nfl/373/407980133,0.1875,0.043312643,nfl,react-helmet,0,"I believe you can also work around this by applying a unique  prop to the  component, for example . Perhaps a bit cleaner than using the props method above. ",0,0.5676467316698565,0.55,0,0,0.1779,n,156,0,healthy
141,141,141,3,PufferPanel/PufferPanel/142/56368554,0.5,0.051791627,PufferPanel,PufferPanel,0,"Ok, I've started this. Will be done this week ) ",0,0.5711303709779412,0.5,0,0,0.296,n,47,0,healthy
142,142,142,166,Ghost-CLI/TryGhost/678/374471992,0.12,0.44047502,TryGhost,Ghost-CLI,0,"It's obviously not a  password ask and I am not asking for support. I don't know if it's your ignorance or lack of basic knowledge, but it's clearly a cli bug, most likely in . ",0,0.2760081119961683,0.5016666666666667,0,0,0.1333,y,176,1,toxic
143,143,143,39,tutorials/ElenaShadskaja/4072/365477477,-0.2,0.08844937,ElenaShadskaja,tutorials,0,Tutorial issue found  Your tutorial was not created on the site. Please ensure there is an experience tag among the assigned tags. Affected server DEV GREEN ,1,0.4503371909928699,0.3,0,0,0.3736,n,156,0,healthy
144,144,144,94,diaspora/diaspora/7891/431108382,0.4722222222222221,0.14262676,diaspora,diaspora,0,"He is and I posted after he told me, postfactum century here we are!! The main reason why Github is the first choice, cause no noob in the forum has a clue about the code these days, got one answer, which repeats what I already wrote, great support! ",1,0.5744822677960046,0.4722222222222221,0,0,0.7412,y,249,1,toxic
145,145,145,74,ForkHub/jonan/56/152861106,0.35,0.042643663,jonan,ForkHub,0,@friend Why are the requests unauthenticated? As much as the app is being used wouldn't authenticated requests be better? ,0,0.395874204437543,0.35,0,1,0.504,n,121,0,healthy
146,146,146,146,termux-packages/termux/2735/413326016,0.0,0.92703164,termux,termux-packages,1,"Pardon my English @friend, what you wrote is bullshit. ",0,0.4602547345308539,0.0,0,1,-0.3612,y,54,1,toxic
147,147,147,163,PocketMine-MP/pmmp/1945/359199958,0.25,0.87373,pmmp,PocketMine-MP,0,"Let's remove anti-cheat motion, which delivers more of a pain in the ass. After all, it is also possible to add a plugin. ",0,0.6310797248905732,0.75,0,0,-0.7951,y,121,1,toxic
148,148,148,61,NewFTCApp-iOS/FTChinese/2/267425497,-0.25,0.06461434,FTChinese,NewFTCApp-iOS,0,"Some tabs, especially those under MyFT, are wrong under iPad. ",0,0.4242036032563556,0.95,0,0,-0.4767,n,61,0,healthy
149,149,149,148,mame/mamedev/4469/451357853,-0.0854166666666666,0.76644164,mamedev,mame,0,"Does it make sense to make a report about a version from one year ago? From last weak, from yesterday? NO! Even if I use such old version people will tell to use the latest, if this is not obvious to you it's because you are so damn stupid to figure it out by yourself. Don't be such a dick @friend because the post was already tagged duplicate and closed by me. ",0,0.3480497451904036,0.4879629629629629,0,1,-0.8991,y,362,1,toxic
150,150,150,66,Contentify/Contentify/398/403027119,0.0,0.12332067,Contentify,Contentify,0,Closing this one. Please stick to constructional criticism if you want to get help. ,0,0.3922495607797331,0.0,0,0,0.34,n,83,0,healthy
151,151,151,154,courseplay/Courseplay/3219/463041522,0.0,0.67047054,Courseplay,courseplay,0,"I guess I don't like that you have no friggin idea what you are talking about.  For those who know, it was 229322b00717a4c75f8425923ec4ed948e2142b5 causing the issue. ",0,0.3190168196165438,0.0,0,0,-0.5122,y,166,1,toxic
152,152,152,106,courseplay/Courseplay/3245/411054856,-0.4,0.5222195,Courseplay,courseplay,0,"What an unfriendly and rude forum. I will never post a mistake here again. As I said, unfortunately I can not read Enlisch and thus not scour the forum. ",0,0.3785392225963015,0.8,0,0,-0.7063,y,152,1,toxic
153,153,153,4,Contentify/Contentify/398/409973397,0.525,0.05912118,Contentify,Contentify,0,@friend Do not listen to him this CMS is great and thanks for creating! ,0,0.5058935440552164,0.475,0,1,0.8588,n,71,0,healthy
154,154,154,109,openshot-qt/OpenShot/1619/326970634,0.0499338624338624,0.7622177,OpenShot,openshot-qt,0,open shot has been great but my most recent video never played when i hit play which made it difficult to cut and edit also when i was done and went to review the video would pause in the same spot every single fucking time it is getting to the point to were i dont wanna use the application any more and when i go to export it would always stop at 32% every single time and it would later say not responding and that was the first time to ever happen in all of my editing and i would open other projects and everything is fine and i know for a fact it is not my video cause i review my videos before i even bother editing so i just dont understand that why now is openshot acting like a piece of shit and not working properly cause i never had this problem before until today ,0,0.2992757197293728,0.4145502645502645,0,0,-0.9238,y,776,1,toxic
155,155,155,82,pycodestyle/PyCQA/703/370182512,0.1990079365079365,0.101824865,PyCQA,pycodestyle,0,"@friend I think you're right re imposing a false dichotomy - I'm primarily a web developer, where the dichotomy is pretty reliable. In regards to temporary files containing sensititive information, Wouldn't it be a risk to write them to disk at all?  If the power is shut off at the right moment, the data would still be there on disk, and no exception handling would have a chance to clean it up.  So that makes me think that a temporary file is the wrong tool in the first place.  I'd want to keep that in something volatile (like memory) so that it's sort of fail-safe. You're more general point is a good one. - We can't know the real requirements on a project we're not a part of.  But if those requirements do require a cleanup in all exception cases, I think we probably agree that it should be done explicitly. ",0,0.4864573685572567,0.5837301587301587,0,1,0.8278,n,818,0,healthy
156,156,156,145,electron/electron/17171/469347803,0.0,0.02285916,electron,electron,0,PROMISE ALSO WORKS WHEN USED WITHOUT AWAIT..Please Check ,0,0.439007418522547,0.0,0,0,0.4648,y,56,1,toxic
157,157,157,131,openDCIM/samilliken/1114/450206853,-0.6,0.76094556,samilliken,openDCIM,0,"group searches is what is broken.                             $ldapSearchDN=str_replace(""%userid%"",$found_dn,html_entity_decode($config-&gt;ParameterArray['LDAPBaseSearch']));  so, no, what your propose does not change the fact it's using CN and not uid. so stop posting stupid answers. ",0,0.1667808837252743,0.7,0,0,-0.9026,y,286,1,toxic
158,158,158,110,ARKStatsExtractor/cadon/850/446812998,0.1,0.25549227,cadon,ARKStatsExtractor,0,"And because you are not listening and going on some wild tangent rant about what you think Here is a list of Dinos, tamed and show the correct Wild Level  ",0,0.4878275803663288,0.4,0,0,-0.34,y,153,1,toxic
159,159,159,123,Signal-iOS/WhisperSystems/2540/338758265,-1.3877787807814457e-17,0.8718409,WhisperSystems,Signal-iOS,0,"yeah truly i agree with this bug , why the fuck i would c the last digits of my phone number in the debug report ???????? what kind of privacy shit we are talking about ? ",0,0.0651265207834385,0.5916666666666667,0,0,-0.2869,y,170,1,toxic
160,160,160,54,react-helmet/nfl/373/407988469,0.2166666666666666,0.03497442,nfl,react-helmet,0,"Well, you only have to update the key when the underlying children change. In my case that happens when that particular view URL changes, but you can use any string representation. Maybe someone has a react-router match.params change which updates the title or meta information - that'd be a good spot to use  IMO. Anything where state affects the children. ",0,0.5440535852810712,0.7333333333333334,0,0,0.6597,n,357,0,healthy
161,161,161,11,Ant-Media-Server/ant-media/579/441623136,0.2,0.036023516,ant-media,Ant-Media-Server,0,"Thanks for your feedback. They are valuable for us. We will think about it with the team, make some evaluation and let you know. ",0,0.5790778212946677,0.2,0,0,0.7184,n,128,0,healthy
162,162,162,9,jeancflanagan/opattison/15/61355080,0.4375,0.06494599,opattison,jeancflanagan,0,I think this is the most straightforward way to go with this ,1,0.4770582020021792,0.4375,0,0,0.0,n,60,0,healthy
163,163,163,25,python-sdk/leancloud/289/273761779,0.0,0.0,leancloud,python-sdk,0,发现上传文件到 S3 的时候，如果调用获取 file_tokens 接口时，mime_type 为 null，再上传到 s3 时会返回 403 相应，同时 body 为： @friend 有思路吗？ ,0,0.439007418522547,0.0,0,1,0.0,n,99,0,healthy
164,164,164,2,java-client/appium/621/294161488,-0.0125,0.11943602,appium,java-client,0,"@friend If you wanna test toast messages, you have to use UIAutomator2 as automationName.It is not possible to test the same feature in legacy driver. If running your tests on UiAutomator2 breaks your tests there is no other go you have to fix it one day or other since legacy drivers will be deprecated sooner or later. ",0,0.4239999203947956,0.375,0,1,-0.296,n,320,0,healthy
165,165,165,101,react-helmet/nfl/373/447927882,0.0769696969696969,0.19716287,nfl,react-helmet,2,"Remember how it all started in 2015? So much politeness and willingness to serve the community. Naive.  part of the team that open sourced it. I can PR some code, but I wanted to check with you before I started writing code. lmk, thanks. We are using React-Helmet in all of our new react websites, we are also seeking feedback so we can improve on our open source workflow. We plan to release more and the feedback would help tremendously. Three years passed and no one cares anymore. Reminds me of some clumsy accidental male/female relationships. Frontend was blooming that time. Now it's all starting to rot. ",1,0.7398815408372772,0.4854545454545454,0,0,0.9245,y,611,1,toxic
166,166,166,71,react-helmet/nfl/373/403744893,0.0,0.071307525,nfl,react-helmet,0,Just ran into this issue as well. Only saw it happening for Safari and Chrome browsers. ,0,0.4684737231655856,1.0,0,0,0.2732,n,87,0,healthy
167,167,167,38,openvpn-client/dperson/165/445474064,0.2749999999999999,0.11741253,dperson,openvpn-client,0,"I don't think it a good idea to use link. We should create a network first, then find a way to put all the traffic through the vpn gateway. So did you manually write a gateway inside your other containers? ",0,0.5,0.4361111111111111,0,0,-0.0788,n,205,0,healthy
