,Unnamed: 0.2,Unnamed: 0.1,Unnamed: 0,Repo,GitHub_Type,Nr,original_statement,rephrased_statement,Non_Knowledge_label_FSE_paper_Giuliano,Non_knowledge_label_Roberts_Giuliano,long_short,ROGUE_precision,ROGUE_recall,ROGUE_f1,styles,original_Unnamed: 0.6,original_Unnamed: 0.5,original_Unnamed: 0.4,original_Unnamed: 0.3,original_Unnamed: 0.2,original_Unnamed: 0.1,original_Unnamed: 0,original_Repo,original_GitHub_Type,original_Nr,original_Non_Knowledge_label_FSE_paper_Giuliano,original_long_short,original_Giuliano_Comments,original_Non_Knowledge_label_FSE_paper_Sol,original_Non_knowledge_label_Roberts_Sol,original_Sol_Comments,original_Non_Knowledge_label_FSE_paper_Alena,original_Non_knowledge_label_Roberts_Alena,original_Alena_Comments,original_Roberts_label,original_FSE_label,original_binary_NK_label,original_final_label,original_rephrased_statement,Label_gpt-120b,final_label
2781,4980,4980,5209,numpy_numpy,pull,28453.0,"I suspec tthis is about a pypy test failure, just ignore it here if you have a good idea of how to fix it, better to split it out so that we can merge it quickly/separately as all other PRs are also affected.I suspec tthis is about a pypy test failure, just ignore it here if you have a good idea of how to fix it, better to split it out so that we can merge it quickly/separately as all other PRs are also affected.",PyPy test failing? Let’s not gate merges on this — it’s reproducible across PRs. Split into its own workflow so we can land fixes independently.,Known Unknown,Neutral,short,0.16,0.0470588235294117,0.0727272727272727,"('github_native', 'Confidence', 'Concise')",80,80,80,80,80,80,80,numpy_numpy,pull,28453.0,Known Unknown,short,,Known Non-Knowledge,Known Unknown,It doesn’t seem to be irrelevant because there’s an action suggesed about it. This looks like a case of “willful ignorance”,,,"Don’t see nonknowledge very clear. „If you have an idea“ could be interpreted as: I don’t know, maybe you know – known unknowns … The „ignore it here“ could mean: it is not too important to deal with the problem → irrelevant",2,-1,1,2,"I suspec tthis is about a pypy test failure, just ignore it here if you have a good idea of how to fix it, better to split it out so that we can merge it quickly/separately as all other PRs are also affected.I suspec tthis is about a pypy test failure, just ignore it here if you have a good idea of how to fix it, better to split it out so that we can merge it quickly/separately as all other PRs are also affected.",Neutral,1
2850,5288,5288,5533,microsoft_vscode,issue,200949.0,"Since 1.86-insider I see that occasionally the hover stops working. Looking at the EH logs shows that no more requests are made, hover in another (to the side) editor is still working which makes me believe something is wrong with the hover editor contribution.","Since upgrading to VS Code 1.86-insider, hover tooltips intermittently stop responding in one editor panel — the extension host logs show no further hover requests, but hover works fine in other open editors. This suggests a scoping or lifecycle issue within the hover contribution module.",Known,Neutral,short,0.2,0.2045454545454545,0.2022471910112359,"('Technical', 'Confidence', 'Concise')",84,84,84,84,84,84,84,microsoft_vscode,issue,200949.0,Known,short,,,,,,,,2,2,1,2,"Since 1.86-insider I see that occasionally the hover stops working. Looking at the EH logs shows that no more requests are made, hover in another (to the side) editor is still working which makes me believe something is wrong with the hover editor contribution.",Neutral,1
2885,5918,5918,6208,microsoft_vscode,,252223.0,VS Code suddenly stopped working. not listening to my messages.just showing refresh and dislike buttons,"I opened VS Code this morning and it’s just a static UI with two buttons. No status bar, no file tree, no console. It’s as if the entire app lost its runtime. I didn’t even realize this was a possible failure mode.",Unknown,Neutral,short,0.0714285714285714,0.2,0.1052631578947368,"('Technical', 'Exploratory', 'Concise')",95,95,95,95,95,95,95,microsoft_vscode,,252223.0,Unknown,short,,,,,,,,1,1,1,2,VS Code suddenly stopped working. not listening to my messages.just showing refresh and dislike buttons,Neutral,1
2909,4981,4981,5210,numpy_numpy,pull,28453.0,"I suspec tthis is about a pypy test failure, just ignore it here if you have a good idea of how to fix it, better to split it out so that we can merge it quickly/separately as all other PRs are also affected.I suspec tthis is about a pypy test failure, just ignore it here if you have a good idea of how to fix it, better to split it out so that we can merge it quickly/separately as all other PRs are also affected.","This test is red on PyPy across the board. If it’s not a blocker for functionality, let’s demote it to warning or isolate it — otherwise we’ll never merge anything.",Known Unknown,Neutral,short,0.2333333333333333,0.0823529411764705,0.1217391304347826,"('github_native', 'Confidence', 'Concise')",80,80,80,80,80,80,80,numpy_numpy,pull,28453.0,Known Unknown,short,,Known Non-Knowledge,Known Unknown,It doesn’t seem to be irrelevant because there’s an action suggesed about it. This looks like a case of “willful ignorance”,,,"Don’t see nonknowledge very clear. „If you have an idea“ could be interpreted as: I don’t know, maybe you know – known unknowns … The „ignore it here“ could mean: it is not too important to deal with the problem → irrelevant",2,-1,1,2,"I suspec tthis is about a pypy test failure, just ignore it here if you have a good idea of how to fix it, better to split it out so that we can merge it quickly/separately as all other PRs are also affected.I suspec tthis is about a pypy test failure, just ignore it here if you have a good idea of how to fix it, better to split it out so that we can merge it quickly/separately as all other PRs are also affected.",Neutral,1
2976,5861,5861,6149,microsoft_vscode,,191374.0,"Thinking a bit more about this, I wonder if URI should statically allow us to register a scheme to behave like a file scheme. Because, we do take an existing well defined URI of scheme file and turn that into vscode-userdata. This in turn means, every client that deals with such a URI would need to ensure that the scheme is converted back to file before using the URI. That seems fragile.

If we could tell URI to treat vscode-userdata like a file scheme, maybe the change would be easier and less fragile?","If URI allowed schemes to declare equivalence to `file` (like `vscode-userdata`), we could avoid fragile client-side scheme-to-path transformations that break when middleware or plugins don’t handle the conversion consistently.",Known,Neutral,long,0.2068965517241379,0.064516129032258,0.0983606557377049,"('Technical', 'Neutral', 'Concise')",94,94,94,94,94,94,94,microsoft_vscode,,191374.0,Known,long,,,,,,,,2,2,1,2,"Thinking a bit more about this, I wonder if URI should statically allow us to register a scheme to behave like a file scheme. Because, we do take an existing well defined URI of scheme file and turn that into vscode-userdata. This in turn means, every client that deals with such a URI would need to ensure that the scheme is converted back to file before using the URI. That seems fragile.

If we could tell URI to treat vscode-userdata like a file scheme, maybe the change would be easier and less fragile?",Neutral,1
3504,5285,5285,5530,microsoft_vscode,issue,200949.0,"Since 1.86-insider I see that occasionally the hover stops working. Looking at the EH logs shows that no more requests are made, hover in another (to the side) editor is still working which makes me believe something is wrong with the hover editor contribution.","After updating to VS Code 1.86-insider, hover functionality becomes unresponsive in certain editors without any apparent trigger. Notably, hovering in parallel editors still works, and no errors appear in the logs beyond the absence of new hover requests. This suggests the issue may lie in the editor-specific registration or lifecycle of the hover contribution rather than a global service failure.",Known,Neutral,short,0.1333333333333333,0.1818181818181818,0.1538461538461538,"('Professional/Formal', 'Neutral', 'Neutral')",84,84,84,84,84,84,84,microsoft_vscode,issue,200949.0,Known,short,,,,,,,,2,2,1,2,"Since 1.86-insider I see that occasionally the hover stops working. Looking at the EH logs shows that no more requests are made, hover in another (to the side) editor is still working which makes me believe something is wrong with the hover editor contribution.",Neutral,1
3687,5850,5850,6137,microsoft_vscode,,191374.0,"Thinking a bit more about this, I wonder if URI should statically allow us to register a scheme to behave like a file scheme. Because, we do take an existing well defined URI of scheme file and turn that into vscode-userdata. This in turn means, every client that deals with such a URI would need to ensure that the scheme is converted back to file before using the URI. That seems fragile.

If we could tell URI to treat vscode-userdata like a file scheme, maybe the change would be easier and less fragile?","It feels fragile that every client needs to know to transform vscode-userdata:// URIs back to file:// before accessing resources. Why not allow registering vscode-userdata as a scheme that behaves identically to file: internally? That way, the URI library handles the mapping, and consumers don’t have to worry about it — less boilerplate, fewer bugs.",Known,Neutral,long,0.2222222222222222,0.1290322580645161,0.1632653061224489,"('Casual/Conversational', 'Confidence', 'List')",94,94,94,94,94,94,94,microsoft_vscode,,191374.0,Known,long,,,,,,,,2,2,1,2,"Thinking a bit more about this, I wonder if URI should statically allow us to register a scheme to behave like a file scheme. Because, we do take an existing well defined URI of scheme file and turn that into vscode-userdata. This in turn means, every client that deals with such a URI would need to ensure that the scheme is converted back to file before using the URI. That seems fragile.

If we could tell URI to treat vscode-userdata like a file scheme, maybe the change would be easier and less fragile?",Neutral,1
3726,5852,5852,6139,microsoft_vscode,,191374.0,"Thinking a bit more about this, I wonder if URI should statically allow us to register a scheme to behave like a file scheme. Because, we do take an existing well defined URI of scheme file and turn that into vscode-userdata. This in turn means, every client that deals with such a URI would need to ensure that the scheme is converted back to file before using the URI. That seems fragile.

If we could tell URI to treat vscode-userdata like a file scheme, maybe the change would be easier and less fragile?","If we could declare vscode-userdata as a registered alias for the file scheme — similar to how some systems allow protocol aliases — wouldn’t that make things way more robust? Otherwise, every tool that consumes these URIs has to implement the same conversion logic, and one missed case breaks everything.",Known,Neutral,long,0.18,0.0967741935483871,0.1258741258741259,"('Casual/Conversational', 'Confidence', 'List')",94,94,94,94,94,94,94,microsoft_vscode,,191374.0,Known,long,,,,,,,,2,2,1,2,"Thinking a bit more about this, I wonder if URI should statically allow us to register a scheme to behave like a file scheme. Because, we do take an existing well defined URI of scheme file and turn that into vscode-userdata. This in turn means, every client that deals with such a URI would need to ensure that the scheme is converted back to file before using the URI. That seems fragile.

If we could tell URI to treat vscode-userdata like a file scheme, maybe the change would be easier and less fragile?",Neutral,1
